repo_name,easy_file,hard_file
mathcoll/t6,t6databases.js,routes/oauth.js
KC3Kai/KC3Kai,src/pages/strategy/tabs/ships/ships.js,src/library/objects/Node.js
worknenjoy/gitpay,frontend/src/components/profile/profile.js,frontend/src/components/profile/account.js
globules-io/OGX.JS,www/js/lib/globules/ogx.dev.min.js,install.js
nextstrain/auspice,src/components/measurements/measurementsD3.js,src/components/measurements/index.js
cofacts/rumors-site,components/ProfilePage/CommentTab.js,components/Thumbnail.js
olifolkerd/tabulator,dist/js/tabulator_esm.min.js,dist/js/tabulator_esm.js
plantinformatics/pretzel,frontend/app/components/panel/manage-genotype.js,lb4app/lb3app/common/utilities/spreadsheet-read.js
plantinformatics/pretzel,frontend/app/components/panel/manage-genotype.js,lb4app/lb3app/common/utilities/upload.js
plantinformatics/pretzel,frontend/app/components/panel/manage-genotype.js,lb4app/lb3app/common/models/dataset.js
phetsims/projectile-motion,js/common/ProjectileMotionConstants.js,js/common/view/TrajectoryNode.js
phetsims/projectile-motion,js/common/ProjectileMotionConstants.js,js/common/view/CannonNode.js
binarykitchen/videomail-client,src/js/resource.js,src/js/wrappers/container.js
binarykitchen/videomail-client,src/js/resource.js,src/js/wrappers/visuals/recorder.js
ProjectSidewalk/SidewalkWebpage,public/javascripts/SVLabel/src/SVLabel/label/LabelContainer.js,public/javascripts/SVLabel/src/SVLabel/data/Form.js
ProjectSidewalk/SidewalkWebpage,public/javascripts/SVLabel/src/SVLabel/onboarding/InitialMissionInstruction.js,public/javascripts/SVLabel/src/SVLabel/modal/ModalMissionCompleteMap.js
ProjectSidewalk/SidewalkWebpage,public/javascripts/SVLabel/src/SVLabel/canvas/ContextMenu.js,public/javascripts/SVLabel/src/SVLabel/modal/ModalMissionCompleteMap.js
ProjectSidewalk/SidewalkWebpage,public/javascripts/SVLabel/src/SVLabel/canvas/Canvas.js,public/javascripts/SVLabel/src/SVLabel/modal/ModalMissionCompleteMap.js
ProjectSidewalk/SidewalkWebpage,public/javascripts/SVLabel/src/SVLabel/modal/ModalMission.js,public/javascripts/SVLabel/src/SVLabel/data/Form.js
ProjectSidewalk/SidewalkWebpage,public/javascripts/SVLabel/src/SVLabel/onboarding/InitialMissionInstruction.js,public/javascripts/SVLabel/src/SVLabel/data/Form.js
ProjectSidewalk/SidewalkWebpage,public/javascripts/accessScoreDemo.js,public/javascripts/SVLabel/src/SVLabel/modal/ModalMissionCompleteMap.js
ProjectSidewalk/SidewalkWebpage,public/javascripts/SVLabel/src/SVLabel/label/LabelContainer.js,public/javascripts/SVLabel/src/SVLabel/modal/ModalMissionCompleteMap.js
ProjectSidewalk/SidewalkWebpage,public/javascripts/accessScoreDemo.js,public/javascripts/SVLabel/src/SVLabel/data/Form.js
ProjectSidewalk/SidewalkWebpage,public/javascripts/SVLabel/src/SVLabel/canvas/Canvas.js,public/javascripts/SVLabel/src/SVLabel/data/Form.js
ProjectSidewalk/SidewalkWebpage,public/javascripts/SVLabel/src/SVLabel/canvas/ContextMenu.js,public/javascripts/SVLabel/src/SVLabel/data/Form.js
ProjectSidewalk/SidewalkWebpage,public/javascripts/SVLabel/src/SVLabel/modal/ModalMission.js,public/javascripts/SVLabel/src/SVLabel/modal/ModalMissionCompleteMap.js
sebhildebrandt/systeminformation,lib/filesystem.js,lib/processes.js
sebhildebrandt/systeminformation,lib/network.js,lib/users.js
sebhildebrandt/systeminformation,lib/network.js,lib/cpu.js
sebhildebrandt/systeminformation,lib/network.js,lib/processes.js
sebhildebrandt/systeminformation,lib/filesystem.js,lib/users.js
sebhildebrandt/systeminformation,lib/filesystem.js,lib/cpu.js
sebhildebrandt/systeminformation,lib/network.js,lib/osinfo.js
sebhildebrandt/systeminformation,lib/filesystem.js,lib/osinfo.js
danny0838/content-farm-terminator,src/options.js,src/content.js
danny0838/content-farm-terminator,src/blocked.js,src/content.js
danny0838/content-farm-terminator,src/utils.js,src/content.js
rsolomakhin/rsolomakhin.github.io,pr/spc-1p-payment/pr.js,pr/spc-false-positive/pr.js
rsolomakhin/rsolomakhin.github.io,pr/spc-icon-must-be-shown/pr.js,pr/spc-false-positive/pr.js
rsolomakhin/rsolomakhin.github.io,pr/spc-1p-payment/pr.js,pr/spc_util.js
rsolomakhin/rsolomakhin.github.io,pr/spc-icon-must-be-shown/pr.js,pr/spc_util.js
rsolomakhin/rsolomakhin.github.io,pr/spc-opt-out/pr.js,pr/spc_util.js
rsolomakhin/rsolomakhin.github.io,pr/spc-clear-browser-cache/pr.js,pr/spc-false-positive/pr.js
rsolomakhin/rsolomakhin.github.io,pr/spc-opt-out/pr.js,pr/spc-false-positive/pr.js
rsolomakhin/rsolomakhin.github.io,pr/spc-clear-browser-cache/pr.js,pr/spc_util.js
angular/angular-devkit-build-angular-builds,src/builders/browser-esbuild/options.js,src/builders/browser-esbuild/sass-plugin.js
angular/angular-devkit-build-angular-builds,src/builders/browser-esbuild/options.js,src/builders/browser-esbuild/stylesheets.js
